Player's hand,Other player's cards,Win %,Lose %,Push %,Avg profit $,Ending bankroll $,High Card %,Pair %,Two Pair %,Trips %,Straight %,Flush %,Full House %,Quads %,Straight Flush %,Royal Flush %
"Kc,Jd",,0.35,0.58,0.06,4.92,1492200,53.251000000000005,35.488,4.021,1.6049999999999998,0.642,0.0,0.087,0.006,0.0,0.0
"Kc,Jd",13x,0.31,0.62,0.06,-0.63,936680,56.733,32.873999999999995,3.225,1.2510000000000001,0.687,0.0,0.044000000000000004,0.004,0.0,0.0
"Kc,Jd","13x,13x",0.27,0.66,0.07,-6.2,379740,60.343,29.918,2.327,1.018,0.729,0.0,0.019,0.006999999999999999,0.0,0.0
"Kc,Jd","13x,13x,13x",0.22,0.7,0.07,-11.93,-193820,64.31700000000001,26.634,1.197,1.076,0.7979999999999999,0.0,0.0,0.003,0.0,0.0
